Article_name,Article_time,Year,Relevance (Y/N),Duplicate?,Activity,Article_category,Article_category_url,Article_url,Article_summary
Spearfisher circled by mako shark off Sydney beach,"5:12am Jul 19, 2021",2021,Y,N,Spearfishing,sharks,https://www.9news.com.au/sharks,https://www.9news.com.au/national/sydney-spearfisher-antagonised-by-mako-shark-caught-on-drone-footage/13bc4db0-924b-435b-bcc2-c1ab0953fb0a,Footage from a drone shows the spearfisher approaching a bait ball off Tamarama before he is circled by the shark.
Jackass stunt ends in real shark attack,"3:01pm Jul 13, 2021",2021,Y,N,Misc,sharks,https://www.9news.com.au/sharks,https://www.9news.com.au/national/jackass-star-bitten-by-shark-in-stunt-gone-wrong/3f9325b3-6faf-4c95-a8b7-86931a8b4b32,A man has been seriously bitten by a shark while filming a stunt for the infamous TV show Jackass.
Spearfishers attacked in shark feeding frenzy,"9:39pm Jul 12, 2021",2021,Y,N,Spearfishing,sharks,https://www.9news.com.au/sharks,https://www.9news.com.au/national/wa-news-spearfishers-film-shark-frenzy-out-at-sea/c5bb113c-2fe1-4a26-936f-1f992dc702ee,Two divers have recounted a terrifying encounter with a pack of hungry sharks while spearfishing off the coast of Western Australia.
Parents of shark attack victim thank first responders,"9:47pm Jul 6, 2021",2021,Y,N,Misc,sharks,https://www.9news.com.au/sharks,https://www.9news.com.au/national/shark-attack-crescent-head-man-injured-nsw-mid-north-coast/7cb0f0f3-0813-4508-a5d1-781d4b527a84,Emergency services were called to Crescent Head Beach about 4.30pm after reports a person had been bitten by a shark.
Researchers uncover 3000-year-old shark attack victim,"2:48pm Jun 26, 2021",2021,N,N,Research/Politics/Recap,sharks,https://www.9news.com.au/sharks,https://www.9news.com.au/world/shark-attack-3000-years-ago-seto-inland-sea-archeology-discovery-science-news/b4ec5e10-b283-4219-81a5-74168b58c788,"Researchers have discovered what they say is the earliest direct evidence of a shark attack on a human, with the sea creature inflicting some 790 injuries on a man 3000 years ago."
Surfer bitten by shark north of Perth,"9:11pm Jun 23, 2021",2021,Y,N,Surfing,sharks,https://www.9news.com.au/sharks,https://www.9news.com.au/national/surfer-bitten-by-shark-at-gumtree-bay-leeman-wa-news/2aa23087-2feb-4b23-8d07-5d1fb7cda9c2,"A man has been bitten by a shark while surfing at Gumtree Bay, Leeman, about 260 kilometres north of Perth."
'I thought I was going to die',"9:37pm Jun 13, 2021",2021,Y,Y,Snorkeling/Diving,Western Australia,https://www.9news.com.au/western-australia,https://www.9news.com.au/national/schoolboy-describes-surviving-shark-attack-while-out-snorkelling-wa-news/584d5479-991c-4cac-91cb-ca3a4b621e9d,"A 10-year-old boy has described how a shark launched at him three times while he was snorkelling, leaving him with two deep gashes to his foot."
"Boy, 10, undergoes surgery after being bitten by a shark off WA","9:43pm Jun 12, 2021",2021,Y,Y,Snorkeling/Diving,sharks,https://www.9news.com.au/sharks,https://www.9news.com.au/national/shark-attack-coral-bay-ten-year-old-boy-undergoes-surgery/bf13ee50-9951-4911-8f2f-d5ccfc736d5c,Snorkelling with dad when a shadow began to follow him in the water.
Boy bitten by two-metre shark while snorkelling in Western Australia,"9:27pm Jun 11, 2021",2021,Y,Y,Snorkeling/Diving,Western Australia,https://www.9news.com.au/western-australia,https://www.9news.com.au/national/shark-attack-investigated-at-coral-bay-in-western-australia/7138ef33-fa4f-4e44-aa47-35d1ffc2f412,A young boy has been bitten by a two-metre-long shark while snorkelling near Coral Bay in remote Western Australia.
"Breaking news and updates Australia: June 11, 2021","5:05pm Jun 11, 2021",2021,Y,Y,Snorkeling/Diving,Live News Daily,https://www.9news.com.au/live-news-daily,https://www.9news.com.au/national/australia-breaking-news-live-coronavirus-updates-headlines-june-11-2021-victoria-weather-storms-brisbane-olympics-covid-couple-queensland/fb288b55-58f1-4de6-81a8-81c8ff07f46e,"Victorians warned of mould, gas leaks when returning to flood-damaged homes; Boy bitten by 2m shark while snorkelling in WA; Court approves $1.7b settlement for 'shameful' Robodebt scheme; No new virus cases in nation today"
Diver bitten by three-metre tiger shark in WA stable in hospital,"12:01am May 23, 2021",2021,Y,N,Snorkeling/Diving,sharks,https://www.9news.com.au/sharks,https://www.9news.com.au/national/shark-attack-cable-beach-broome-man-bitten-western-australia-news/4c7560ed-6de7-49e3-b04f-e64ba87cc8c7,"Broome builder Brett Highlands, 48, had been celebrating his birthday spearfishing with mates when a three-metre tiger shark attacked."
Sydney dad was on annual surf trip when he was killed in shark attack,"6:38pm May 19, 2021",2021,Y,N,Surfing,sharks,https://www.9news.com.au/sharks,https://www.9news.com.au/national/sydney-northern-beaches-father-mark-sanguinetti-killed-by-shark-tuncurry-beach/0cd8aa02-5d0c-4d07-b37a-986ebcbd65d8,"Tributes flowed for the 59-year-old today with friends, family and local residents laying flowers on Tuncurry Beach where he died."
Shark caught morning after surfer killed at NSW beach,"11:33am May 19, 2021",2021,Y,N,Surfing,sharks,https://www.9news.com.au/sharks,https://www.9news.com.au/national/tuncurry-beach-forster-man-attacked-by-shark/8984c0b5-b890-493c-9260-5c7ced36ab41,A shark has been caught off a beach on the New South Wales Mid North Coast where a surfer was fatally mauled yesterday.
Shark attack survivor turns trauma into activism,"6:36pm May 3, 2021",2021,N,N,Research/Politics/Recap,sharks,https://www.9news.com.au/sharks,https://www.9news.com.au/national/nsw-shark-attack-survivor-advocating-for-shark-conservation-after-near-death-experience-port-stephens/290eecf3-77b5-483c-9870-f9a726678e17,She almost lost her life to a great white shark but remarkably Lisa Mondy is still trying to protect the ocean predator.
The island that's had so many shark attacks swimming is now banned,"5:00am May 3, 2021",2021,N,N,Research/Politics/Recap,sharks,https://www.9news.com.au/sharks,https://www.9news.com.au/world/reunion-island-the-island-thats-had-so-many-shark-attacks-swimming-is-now-banned/1b6d83a0-87b1-4883-8054-f122fff6df75,The ocean was clear and glassy on the western side of Réunion Island when surfer Rodolphe Arriéguy was set upon by a two-metre bull shark.
Two NSW councils call on state government to remove shark nets,"2:23pm Apr 28, 2021",2021,N,N,Research/Politics/Recap,sharks,https://www.9news.com.au/sharks,https://www.9news.com.au/national/northern-beaches-newcastle-council-push-to-remove-shark-nets/a4489d9c-cec9-4c42-94b9-2187fbe6a119,Two NSW councils are asking they be replaced with alternatives that don't trap other marine species such as turtles and rays.
WA surfer has board bitten by shark,"9:57pm Mar 21, 2021",2021,Y,N,Surfing,sharks,https://www.9news.com.au/sharks,https://www.9news.com.au/national/wa-news-beach-on-high-alert-after-paddle-boarder-knocked-off-by-shark/e643e020-65cc-48f4-be58-de0b6e8fcdcd,A popular surfing beach in WA will remain closed after a surfer was knocked off his stand up paddle board by a shark.
'Real life Jaws' terrorised Jersey Shore in 1916,"1:19pm Mar 14, 2021",2021,N,N,Research/Politics/Recap,sharks,https://www.9news.com.au/sharks,https://www.9news.com.au/world/real-life-jaws-jersey-shore-terrorised-by-shark-in-1916/8571e535-d005-4f9c-a118-fc8adf0d1e37,A series of shark attacks along the US Jersey Shore over 100 years ago are believed to be what sparked a decades long fear of entering the ocean.
Local bitten by shark while swimming on NSW south coast beach,"4:54pm Mar 13, 2021",2021,Y,N,Swimming,New South Wales,https://www.9news.com.au/new-south-wales,https://www.9news.com.au/national/nsw-woman-bitten-by-shark-at-main-beach-merimbula-south-coast/51b1205a-c716-4473-8fb8-cc6362543dde,A woman has been rushed to hospital after being bitten by shark while swimming on the NSW south coast.
Shark tagging program on Sydney Harbour reaches new milestone,"9:24pm Mar 9, 2021",2021,N,N,Research/Politics/Recap,shark,https://www.9news.com.au/shark,https://www.9news.com.au/national/sharks-in-sydney-harbour-being-tagged-100th-bull-shark/4e4573cb-f460-40b5-ac20-2a0b63308941,The most advanced shark tagging program is taking place in Sydney Harbour and just tagged its 100th bull shark.
Backlash after Sydney fishermen catch 400kg shark,"7:30pm Mar 2, 2021",2021,N,N,Research/Politics/Recap,sharks,https://www.9news.com.au/sharks,https://www.9news.com.au/national/sydney-monster-tiger-shark-caught-port-hacking-fishing-competition-weighs-400kg/3e0a5f6c-8c70-4c29-8a80-840ce6dbccd5,A group of Sydney fishermen taking part in a club competition landed a 394.5-kilogram giant shark.
Dog attacked by shark while playing in ocean,"12:30pm Feb 12, 2021",2021,Y,N,Misc,sharks,https://www.9news.com.au/sharks,https://www.9news.com.au/world/shark-attack-dog-bitten-by-shark-on-florida-beach-us-news/bbc9101d-d4be-41bf-8a6a-dd4bc97967d6,The two-year-old dog was playing fetch when a shark emerged from nowhere and latched onto her leg.
Teen lifesaver vows to return to ocean after shark attack,"2:33pm Feb 3, 2021",2021,Y,N,Surfing,sharks,https://www.9news.com.au/sharks,https://www.9news.com.au/national/shark-attack-teenage-surf-lifesaver-jetski-bitten-glenelg-adelaide/45dc2272-376f-407d-91fd-fbf026a4feb9,"A teenage surf lifesaver has been left ""shaken"" after a shark attack off an Adelaide beach."
Family's indescribable grief after snorkelling tragedy,"8:20pm Jan 31, 2021",2021,Y,N,Snorkeling/Diving,Victoria,https://www.9news.com.au/victoria,https://www.9news.com.au/national/duncan-craw-victorian-family-open-up-about-indescribable-grief-after-snorkelling-tragedy/5b8fad66-b1a8-4760-8039-620b63192396,A Victorian family has opened up about their indescribable grief after losing Duncan Craw while snorkelling in South Australia.
Woman attacked by shark in WA's southwest,"9:58pm Jan 30, 2021",2021,Y,N,Swimming,sharks,https://www.9news.com.au/sharks,https://www.9news.com.au/national/gracetown-shark-attack-woman-injured-at-beach-in-southwest-wa/1cdc6afd-62c1-4973-8998-94235f996712,A woman is believed to have been bitten by a shark while swimming at a beach in Western Australia's southwest.
Australia deadliest country in world for shark attacks in 2020,"3:01pm Jan 27, 2021",2021,N,N,Research/Politics/Recap,sharks,https://www.9news.com.au/sharks,https://www.9news.com.au/national/australia-deadliest-place-in-world-for-shark-attacks-in-2020/ca0f4bea-e1a6-448d-8106-eca1ed4b8408,"With eight fatalities last year, Australia was the deadliest location for shark attacks in the world."
Remains found in search for missing Victorian snorkeler,"6:03pm Jan 26, 2021",2021,Y,N,Snorkeling/Diving,South Australia,https://www.9news.com.au/south-australia,https://www.9news.com.au/national/shark-attack-family-confirm-remains-found-in-search-for-missing-victorian-snorkeler/55b6f04a-5c6e-4dff-ab7a-cebe2976163a,The family of a Victorian father believed to have been attacked by a shark in waters off South Australia say he suffered a medical episode long before the attack.
Shark wrangles catch off New Zealand fisherman's hook,"8:22pm Jan 25, 2021",2021,N,N,Shark Spotting,sharks,https://www.9news.com.au/sharks,https://www.9news.com.au/world/shark-wrangles-catch-off-new-zealand-fishermans-hook/6597d999-9f94-4e32-a53c-ba9a082abe6e,"When Craig Sheriff went for a fish with mates, he reeled in not only the king fish he caught, but a shark that snatched onto his line too."
Shark attack victim dragged to shore by his wife,"8:21pm Jan 24, 2021",2021,Y,N,Swimming,sharks,https://www.9news.com.au/sharks,https://www.9news.com.au/national/shark-attack-man-wounded-lake-macquarie-saved-by-bystanders/4678cec8-7c89-4aec-a9d9-44ec689b025b,"A 58-year-old marine scientist owes his life to his quick-thinking wife, after he was attacked by a shark in the shallows of Lake Macquarie."
'Gutted' teammates mourn man killed in shark attack off SA coast,"8:57pm Jan 23, 2021",2021,Y,Y,Snorkeling/Diving,Shark Attack,https://www.9news.com.au/shark-attack,https://www.9news.com.au/videos/national/victorian-father-mourned-after-shark-attack-death/ckk9era07003d0hnsfaf7q89o,The search for the young father has been called off after he vanished in a suspected shark attack in Port MacDonnell.
"Family speak after husband, father killed by shark off SA coast","5:15pm Jan 22, 2021",2021,Y,Y,Snorkeling/Diving,Missing,https://www.9news.com.au/missing,https://www.9news.com.au/national/search-resumes-missing-victorian-man-shark-attack-south-australia/68cf4e7f-fe86-4f49-8afa-f4b996fc0764,"The family of a man believed to be attacked by a shark off the South Australian coast have confirmed his ""suspected death""."
'Lot of blood in the water': Kayakers helped shark attack victim to safety,"3:48pm Jan 14, 2021",2021,Y,N,Misc,Western Australia,https://www.9news.com.au/western-australia,https://www.9news.com.au/national/man-attacked-by-shark-in-perth/904bbd76-599d-4a90-93eb-b63e59bcb536,A man has been rushed to hospital with leg injuries after a suspected bull shark attack in Perth's Swan River this morning.
"Shark attack victim Kaelah Marlow, 19, pulled out by rip, 'bobbing in water'","2:52pm Jan 9, 2021",2021,Y,N,Swimming,sharks,https://www.9news.com.au/sharks,https://www.9news.com.au/world/shark-attack-victim-pulled-out-to-sea-by-rip-before-rescue-attempt/308c4ce3-1f90-4798-b6d4-b03b0d97b4d1,The 19-year-old woman killed in New Zealand's first fatal shark attack in eight years has been identified as an Australian.
Shark spotted at Aspendale Beach in Port Philip Bay,"8:18pm Jan 8, 2021",2021,N,N,Shark Spotting,sharks,https://www.9news.com.au/sharks,https://www.9news.com.au/national/shark-spotted-aspendale-beach-melbourne-port-philip-bay/f71e7838-5f99-4403-89d5-8a3245df0419,Swimmers and surfers have been told to leave the water after a shark was spotted on Aspendale Beach in Melbourne's south.
Drone operator spots school of 40 sharks at NSW beach,"3:44pm Dec 31, 2020",2020,N,N,Shark Spotting,sharks,https://www.9news.com.au/sharks,https://www.9news.com.au/national/nsw-sharks-drone-spots-school-of-whaler-sharks-at-evans-head/9f9ca0e7-21ec-48a9-8117-5f5240efb5f1,"A drone has spotted a large school of sharks at Evans Head on NSW's north coast, causing authorities to shut the beach yesterday."
Survivor tells of near-death experience after shark attack,"11:00am Dec 15, 2020",2020,N,N,Research/Politics/Recap,sharks,https://www.9news.com.au/sharks,https://www.9news.com.au/national/shark-attack-survivor-tells-of-near-death-experience-nsw/9eb74338-39f5-406b-a769-e52774c0187d,David Pearson can still recall the moment he thought his life was over following a traumatic shark attack in 2011.
Woman killed in rare shark attack on Caribbean island,"9:59am Dec 11, 2020",2020,N,N,Unknown,sharks,https://www.9news.com.au/sharks,https://www.9news.com.au/national/st-martin-reports-fatal-shark-attack-1st-in-recent-history/e5fd1037-a4ea-4db9-b808-80e559f16776,A fatal shark attack was reported in the French Caribbean territory of St Martin on Thursday.
Surfer didn't even see shark that took bite out of his board in WA,"9:28pm Dec 9, 2020",2020,Y,N,Surfing,sharks,https://www.9news.com.au/sharks,https://www.9news.com.au/national/western-australia-shark-attack-closes-cable-beach-in-broome-after-surfers-board-bitten/933514ab-4b51-434f-b43f-115683c97015,Surfer Sam Heseltine is counting his lucky stars after escaping a shark attack at Broome's Cable Beach on the Western Australian coast.
Shark attack was 'like being hit by a truck' recalls surfer,"7:57pm Dec 7, 2020",2020,Y,N,Surfing,sharks,https://www.9news.com.au/sharks,https://www.9news.com.au/national/shark-attack-kangaroo-island-destrees-bay-surfer-recovering-after-serious-shark-attack/6c204851-3fb2-4c7f-846a-f9ab871d1e2c,"Paramedics who treated a South Australian surfer attacked by a great white shark said the man suffered ""serious"" injuries."
Young surfer attacked by shark off Kangaroo Island,"5:57pm Dec 6, 2020",2020,Y,N,Surfing,emergencies,https://www.9news.com.au/emergencies,https://www.9news.com.au/national/shark-attack-young-surfer-attacked-by-shark-off-kangaroo-island-in-south-australia/e0a86ae4-0cbb-4612-843c-2ec501542bc2,A 29-year-old surfer has been flown to Adelaide after he was attacked by a shark in waters off Kangaroo Island.
Massive great white shark spotted off South Australian jetty,"12:29pm Dec 4, 2020",2020,N,N,Shark Spotting,sharks,https://www.9news.com.au/sharks,https://www.9news.com.au/national/south-australia-great-white-shark-sighting-second-valley-jetty-photos-adelaide-news/e893a423-2de1-4874-8359-09870387c001,A 2.5m great white shark was spotted lingering around the jetty at Second Valley Beach south of Adelaide.
Diver fights off hammerhead shark with camera on Queensland reef,"8:50pm Nov 30, 2020",2020,Y,N,Snorkeling/Diving,sharks,https://www.9news.com.au/sharks,https://www.9news.com.au/national/divers-close-call-with-hamerhead-shark-captured-on-video/ad90be23-1fe3-485e-bde2-1bd2a4f7605e,Dion Creek was diving for crayfish on Magpie Reef Princess Charlotte Bay on Thursday when he came face to face with the predator.
Police 'fired 25 shots' at WA killer shark,"2:43pm Nov 23, 2020",2020,Y,N,Surfing,sharks,https://www.9news.com.au/sharks,https://www.9news.com.au/national/shark-attack-cable-beach-broome-search-for-killer-continues/0165f608-ac29-4586-b439-8860fffeee57,A killer shark that fatally mauled a bodyboarder yesterday was shot at up to 25 times with police Glock pistols before it swam away into waters near Broome
Bull shark attacks more likely this summer because of La Niña,"10:02am Nov 23, 2020",2020,N,N,Research/Politics/Recap,sharks,https://www.9news.com.au/sharks,https://www.9news.com.au/national/wa-news-man-killed-in-shark-attack-cable-beach-broome/cddc87b1-7802-4882-ae8f-f4f52fe48527,"A rainy La Niña will likely cause more shark attacks in Australia this spring and summer, a shark expert has warned."
Shark-spotting drones to keep watch over NSW beaches this summer,"7:48pm Nov 18, 2020",2020,N,N,Shark Spotting,sharks,https://www.9news.com.au/sharks,https://www.9news.com.au/national/shark-attacks-drones-in-nsw-to-be-used-to-spot-sharks-on-beaches/e415252b-edbc-458e-870d-a2b2479fab36,The NSW government is ramping up safety measures so surfers and beachgoers can enjoy the ocean water this summer.
Shark attack victim's wife told 'nothing you could have done',"2:33pm Nov 18, 2020",2020,Y,N,Snorkeling/Diving,sharks,https://www.9news.com.au/sharks,https://www.9news.com.au/national/shark-attack-inquest-gary-johnson-declared-dead-after-january-attack-by-great-white-western-australia/a1a14c51-0df6-48e2-a63d-11548cb32819,The grieving widow of a diver killed by a great white shark in Western Australia has been told there was nothing she could have done to save him.
Horde of sharks descends on NSW coast,"2:17pm Nov 16, 2020",2020,N,N,Shark Spotting,sharks,https://www.9news.com.au/sharks,https://www.9news.com.au/national/more-than-50-sharks-seen-moruya-broulee-nsw-south-coast/6ec229e7-092f-4726-8b72-1d3e58a05748,Lifesavers on the NSW South Coast took to the waters on the weekend to disperse a shiver of sharks from a small stretch of beaches between two towns.
Hurricane survivor's hand ripped open in Bahama's shark attack,"4:54pm Nov 5, 2020",2020,N,N,International,Caribbean,https://www.9news.com.au/caribbean,https://www.9news.com.au/world/bahamas-shark-attack-mans-hand-ripped-open-while-spearfishing/313516c1-8b95-4cb9-a5de-89a6f2998569,A man in the Bahamas had the tendons in his hand ripped apart by a shark while spearfishing.
Teenager bitten by shark at popular NSW beach,"8:39am Nov 2, 2020",2020,Y,N,Surfing,New South Wales,https://www.9news.com.au/new-south-wales,https://www.9news.com.au/national/nsw-shark-attack-teenager-bitten-port-macquarie-town-beach/36a29e21-a2f3-4086-b557-becc7861bc2b,"The 13-year-old was out early when he was attacked, suffering injuries to multiple parts of his body."
Child loses arm in Red Sea shark attack,"11:54am Oct 29, 2020",2020,N,N,International,sharks,https://www.9news.com.au/sharks,https://www.9news.com.au/world/shark-attack-red-sea-egypt-child-loses-arm-mother-suffering-deep-wounds/63d3e607-51da-4676-890e-5225c8fb0c31,"A child has lost an arm and his mother suffered ""deep wounds"" in a shark attack in a marine reserve near the Red Sea resort of Sharm el-Sheikh, Egypt."
Shark attack victim awake and in a stable condition in hospital,"9:04pm Oct 26, 2020",2020,Y,Y,Spearfishing,queensland,https://www.9news.com.au/queensland,https://www.9news.com.au/national/queensland-shark-attack-victim-remains-in-critical-but-stable-condition/394ca9a1-3d40-408d-8700-d35758ca2bd5,In 2017 Rick Bettua helped save the life of his friend after he was attacked by a shark in similar circumstances.
Queensland shark attack victim's friend 'saved his life',"9:20am Oct 26, 2020",2020,Y,Y,Spearfishing,sharks,https://www.9news.com.au/sharks,https://www.9news.com.au/national/shark-attack-victim-named-as-rick-bettua-britomart-reef-townsville/1e0156f2-9a15-4371-8313-9cac40e2f049,"The friend of a man attacked by a shark in Queensland saved his life by applying a makeshift tourniquet, paramedics say,"
Man fighting for life after 'catastrophic' injuries from shark attack,"8:27pm Oct 25, 2020",2020,Y,Y,Spearfishing,queensland,https://www.9news.com.au/queensland,https://www.9news.com.au/national/shark-attack-reported-lucinda-north-of-townsville-queensland/0d2205be-0da1-4f90-a96f-139815397908,A Queensland man is undergoing emergency surgery in hospital in the state's north after being attacked by a shark while spearfishing.
Locals fed up with drum lines refusal after surfer's fatal shark mauling,"9:19pm Oct 12, 2020",2020,N,N,Research/Politics/Recap,national,https://www.9news.com.au/national,https://www.9news.com.au/national/shark-attacks-western-australia-esperance-andrew-sharpe-peter-tinley-meeting-local-residents-drum-lines-demands-mark-mcgowan/9e06a394-8091-46a1-a8a0-02f18c750ed6,WA residents say they are fed up with the state government after desperate pleas for lethal drum lines to prevent shark attacks have once again been ignored.
'Great and loyal mate': Tributes flow for Esperance shark attack victim,"10:24pm Oct 11, 2020",2020,Y,Y,Surfing,Western Australia,https://www.9news.com.au/western-australia,https://www.9news.com.au/national/wa-shark-attack-search-continues-for-esperance-surfer-andrew-sharpe/dd8a963f-b5e0-42d9-b79e-00bf52a8ffb7,A search for Andrew Sharpe has been called off after authorities were forced from the water off Esperance by rough conditions.
Chances of finding WA shark attack victim alive 'pretty slim',"9:34pm Oct 9, 2020",2020,Y,Y,Surfing,sharks,https://www.9news.com.au/sharks,https://www.9news.com.au/national/western-australia-news-reports-of-shark-attack-near-esperance-kelp-beds-beach/210dc438-eb89-47d6-8e63-19d92d1d0237,A search continues this evening after fears a father-of-two was taken by a shark in waters off Western Australia's south coast.
Shark swims beneath Gold Coast surfers on drone footage,"7:13pm Oct 8, 2020",2020,N,N,Shark Spotting,sharks,https://www.9news.com.au/sharks,https://www.9news.com.au/national/shark-attack-surfers-close-encounter-spotted-by-drone-palm-beach-gold-coast/18e095bd-fdce-4b84-b189-f097fa4276d4,"There are close encounters, and then there's this."
Teen dragged underwater by shark says he was sure he would die,"9:48pm Oct 5, 2020",2020,Y,N,Surfing,sharks,https://www.9news.com.au/sharks,https://www.9news.com.au/national/shark-attack-north-beach-perth-teen-pulled-under-reveals-fear-he-would-die/ed13b24c-5585-4eb0-b6c8-fbf6ce36cd86,"A teenage boy has described his close encounter with a shark while surfing on a northern Perth beach, saying he was sure he was going to die."
Surfer pulled from board by 1.5m shark off Perth's North Beach,"10:03pm Oct 4, 2020",2020,Y,N,Surfing,sharks,https://www.9news.com.au/sharks,https://www.9news.com.au/national/perth-north-beach-shark-encounter-surfer-pulled-from-board-beaches-closed-western-australia/80fcb45f-6c98-41de-9af5-f7511d4d6dd2,"The animal grabbed the leg rope and pulled the surfer off the board, but was uninjured in the incident. He then managed to swim back to short and alert authorities."
Shark attack goes from disaster to miracle for soon-to-be father,"12:55pm Sep 30, 2020",2020,N,N,International,Florida,https://www.9news.com.au/florida,https://www.9news.com.au/world/usa-news-shark-attack-goes-from-disaster-to-miracle-for-soon-to-be-father/d2282e11-fd7a-4db9-b4fe-7e8073b50699,A coastal vacation unlocked a nightmare for a US family when a bull shark took hold of a soon-to-be father. His miraculous survival is reflected in the panicked call placed to 911 for help as his pregnant wife jumped into the water hoping to save her husband.
Pregnant wife of man attacked by shark in Florida 'jumped in to save him',"1:35pm Sep 23, 2020",2020,N,N,International,USA,https://www.9news.com.au/usa,https://www.9news.com.au/national/usa-news-florida-keys-shark-attack-charles-eddy-pregnant-woman-rescued-marathon/b3c77ec5-0e2d-4a70-852c-0c76c58f994b,"The pregnant wife of a man attacked by a shark in the USA jumped into the bloody water to rescue him, it has emerged."
Man flown to hospital after shark attack in US tourist hotspot,"10:24am Sep 22, 2020",2020,N,N,International,Florida,https://www.9news.com.au/florida,https://www.9news.com.au/national/usa-shark-attack-florida-keys-man-bitten-by-three-metre-shark/3a47e47a-438e-4144-84d7-a0853cfadb63,A US man has been rushed to hospital after being attacked by a three-metre shark in a popular Florida tourist hotspot.
"Teen, tradie and therapist among first responders in fatal shark attack","8:44pm Sep 14, 2020",2020,Y,N,Surfing,national,https://www.9news.com.au/national,https://www.9news.com.au/national/gold-coast-shark-attack-coolangatta-hero-first-responders-nick-slater-death-great-white-mauling-queensland-news/364f40ec-38e2-4e00-8728-af65c65be835,"Nick Slater, 46, had been surfing off Greenmount Beach in Coolangatta last week when he was attacked by a Great White shark."
Shark caught at Gold Coast beach as swimmers and surfers return to the water,"10:41am Sep 10, 2020",2020,Y,Y,Surfing,Gold Coast,https://www.9news.com.au/gold-coast,https://www.9news.com.au/national/gold-coast-shark-attack-beaches-reopen-after-surfer-nick-slater-killed-search-for-great-white-continues/19f57be1-9c41-4a25-84a6-83c3231cb8ee,"The search for the white pointer responsible for the attack on surfer Nick Slater is continuing, after two tiger sharks were caught yesterday."
Reason for deadliest year for shark attacks since 2014 revealed,"7:15am Sep 10, 2020",2020,N,N,Research/Politics/Recap,national,https://www.9news.com.au/national,https://www.9news.com.au/national/shark-attacks-australia-natural-cause-factors-water-temperatures-weather-research-science/13671606-a464-40d1-ae82-c2991cb81c86,Six people have so far been killed by sharks this year across the country. The last time the number of fatalities were close to that number was in 2014.
Tooth left behind may help experts track down shark in fatal attack,"8:46pm Sep 9, 2020",2020,Y,Y,Surfing,sharks,https://www.9news.com.au/sharks,https://www.9news.com.au/national/gold-coast-shark-attack-tooth-left-behind-may-help-experts-find-animal-which-fatally-mauled-nick-slater/95df3d70-02cb-431c-8846-d9845117b262,Gold Coast beaches remain closed as the hunt continues for a shark that killed much-loved surfer Nick Slater.
Search continues for killer shark after Gold Coast surfer's death,"6:31pm Sep 9, 2020",2020,Y,Y,Surfing,sharks,https://www.9news.com.au/sharks,https://www.9news.com.au/national/gold-coast-shark-attack-victim-names-as-nick-slater-greenmount-beach-coolangatta/6b06735a-6fef-41b9-9e9c-c14b4a453684,The search continues for a killer shark that fatally mauled a surfer at Greenmount Beach off the Gold Coast late yesterday.
'I started screaming to get out of the water',"2:49am Sep 9, 2020",2020,Y,Y,Surfing,national,https://www.9news.com.au/national,https://www.9news.com.au/national/gold-coast-shark-attack-man-bitten-greenmount-beach-coolangatta-queensland-news/9a9bdbe3-cb80-44a6-8012-3f3896e62d18,At least six people were seeing clutching the man as he was carried onto the sand at a Gold Coast beach after being mauled by a shark.
'Precious' council slammed over shark attack sign holdout,"10:28pm Sep 4, 2020",2020,N,N,Research/Politics/Recap,sharks,https://www.9news.com.au/sharks,https://www.9news.com.au/national/shark-attack-beach-emergency-signs-perth-cottesloe-council-slammed/c57c6583-e368-45fe-a6f9-d74eb4523518,A scuffle is brewing between the Western Australian government and the town of Cottesloe on the Perth coast over potentially life-saving signs.
Surfer describes moment shark latched on to her leg,"8:32pm Aug 31, 2020",2020,Y,N,Surfing,New South Wales,https://www.9news.com.au/new-south-wales,https://www.9news.com.au/national/port-macquarie-shark-attack-surfer-recalls-moment-shark-latched-on-to-her-leg-shelley-beach/181b1eeb-3a76-4db2-a65f-102133bde3f2,Chantelle Doyle has been in hospital since she was bitten by a shark at Shelley Beach.
Great white shark takes a bite out of fisherman's boat,"7:32pm Aug 30, 2020",2020,Y,N,Fishing,sharks,https://www.9news.com.au/sharks,https://www.9news.com.au/national/great-white-shark-takes-bite-out-of-forster-fishermans-boat-nsw-news/49012827-fe6b-43f4-9c7e-cc887a27269c,A fisherman on the NSW Mid-North Coast got more than he bargained for when a great white shark took a chunk out of his boat.
US Coast Guard forced to open fire on shark closing in on swimmers,"11:05am Aug 28, 2020",2020,N,N,International,USA,https://www.9news.com.au/usa,https://www.9news.com.au/world/us-news-shark-threatening-swimmers-faces-open-fire-from-coast-guard-cutter/8f54e767-8be1-4bbc-af86-5ee9bbac53c3,A handful of US Coast Guard members had a close encounter with a shark during a dip in the ocean earlier this week.
'Like punching a wall': Husband recalls wife's frantic shark rescue,"6:34pm Aug 16, 2020",2020,Y,Y,Surfing,national,https://www.9news.com.au/national,https://www.9news.com.au/national/shelley-beach-shark-attack-chantelle-doyle-mark-rapley-punched-animal-away-port-macquarie-nsw/ff0063a7-655b-4696-a73f-5d7724a74586,"Chantelle Doyle, 35, was surfing at Shelley Beach at Port Macquarie, north of Sydney, when she was bitten on her right leg by a great white shark."
Husband punched shark until it let wife go in attack on NSW beach,"7:54pm Aug 15, 2020",2020,Y,Y,Surfing,sharks,https://www.9news.com.au/sharks,https://www.9news.com.au/national/shark-attack-shelley-beach-woman-rushed-to-port-macquarie-hospital/6aee4f81-1908-43b9-b22c-7ba51b23ba66,Emergency services were alerted just before 10am this morning after the attack at Shelley Beach at Port Macquarie.
'Like a small car': Surfer thought four-metre shark would kill him in attack,"10:43pm Aug 2, 2020",2020,Y,N,Surfing,national,https://www.9news.com.au/national,https://www.9news.com.au/national/western-australia-wa-shark-attack-surfer-bunker-bay-beach-closure-detection-prevention-measures/6447d841-9e86-4cc0-97c3-9f0c9413cd77,Miles Redfern had been out for a surf in Bunker Bay when the predator attacked his friend and bit a chunk off his leg.
WA shark attack survivor thanks rescuers after surgery,"9:18pm Aug 1, 2020",2020,Y,Y,Surfing,sharks,https://www.9news.com.au/sharks,https://www.9news.com.au/national/western-australia-shark-attack-surfer-survivor/71583305-ed1b-4dd7-92a5-044d1f208558,A surfer who survived a shark attack by a four metre great white shark in Western Australia has thanked the people who came to his rescue.
Huge great white shark grabs surfer's leg in front of horrified friends,"8:28pm Jul 31, 2020",2020,Y,Y,Surfing,sharks,https://www.9news.com.au/sharks,https://www.9news.com.au/national/shark-attack-bunker-bay-victim-flown-perth/9868a44e-59b3-4462-851b-06c2d83d83ab,A five-metre great white shark has attacked a surfer while witnesses watched helplessly on a Western Australian beach.
Survivor recounts deadliest shark attack in history 75 years on,"1:11pm Jul 29, 2020",2020,N,N,Research/Politics/Recap,World War II,https://www.9news.com.au/world-war-ii,https://www.9news.com.au/world/uss-indianapolis-sinking-survivor-recounts-world-war-two-ordeal-75-years-on-with-the-deadliest-shark-attack-in-history--exclusive/3c1b1d4a-93cc-49ad-b906-e4b817d43277,"Seventy-five years after the sinking of the cruiser, Harold Bray told nine.com.au just how close he came to perishing in the greatest loss of life at sea from a single ship in the US Navy's history."
Identity of woman killed by 'rare' great white attack confirmed,"9:54am Jul 29, 2020",2020,Y,Y,Swimming,shark,https://www.9news.com.au/shark,https://www.9news.com.au/world/shark-attack-identity-maine-woman-killed-by-great-white-confirmed-us-news/d6d98968-ecbf-4e90-9fd3-b44e589cde53,"Authorities in Maine have confirmed the identity of a woman who was killed in a rare shark attack off the state's coast, the perpetrator believed to be a great white."
Tasmanian boy's life jacket and dad saved him from 'great white',"2:47pm Jul 28, 2020",2020,Y,Y,Fishing,sharks,https://www.9news.com.au/sharks,https://www.9news.com.au/national/tasmania-shark-attack-boys-life-jacket-and-brave-dad-saved-life-great-white/b7aaafa4-be9f-497c-8333-ec0306fe25c6,Bite mark clues on a life jacket has helped shark experts determine that a monster 3.6 metre great white likely pulled a young boy from a fishing boat in Tasmanian waters.
Woman killed in 'unprovoked' shark attack in Maine,"10:58am Jul 28, 2020",2020,Y,Y,Swimming,sharks,https://www.9news.com.au/sharks,https://www.9news.com.au/world/shark-kills-woman-in-uprovoked-attack-on-swimmer-maine-us-news/40ebda60-943f-4717-ba30-7b4d57b9cbfd,"A woman was killed in an apparent shark attack off the coast of Maine on Monday, a rare occurrence that has only been recorded once before in the state by an unprovoked shark."
Off-duty police officer saves boy from shark just metres away,"2:29pm Jul 20, 2020",2020,Y,N,Swimming,sharks,https://www.9news.com.au/sharks,https://www.9news.com.au/world/florida-shark-attack-off-duty-police-officer-saves-boy-from-shark-just-metres-away/dabed98e-31ab-44f2-b511-171ba1c6eb3d,A thrilling video shows the moment an off-duty police officer pulled a boy from the water after a shark was spotted just metres away.
"Boy, 10, pulled from boat by shark five kilometres off Tasmanian coast","7:21pm Jul 17, 2020",2020,Y,Y,Fishing,sharks,https://www.9news.com.au/sharks,https://www.9news.com.au/national/tasmania-shark-attack-10-year-old-bitten-fishing-five-kilometres-offshore/3f93d166-df40-4052-a5b7-b405427effc7,"The 10-year-old's father jumped into the water after his son, scaring the shark off in the process."
"Shark attack victim 'only feared getting old', mourners told","2:16pm Jul 17, 2020",2020,Y,N,Spearfishing,sharks,https://www.9news.com.au/sharks,https://www.9news.com.au/national/shark-attack-victim-sunshine-coast-matthew-tratt-funeral/fef63c32-44a3-467b-b775-36dea473d1b7,"The 34-year-old Sunshine Coast man who was killed by a shark while spearfishing off Indian Heads on Fraser Island has been remembered as a genuine, caring and loving man."
Tributes for 'warm-hearted' teen killed by shark,"8:06pm Jul 12, 2020",2020,Y,Y,Surfing,sharks,https://www.9news.com.au/sharks,https://www.9news.com.au/national/nsw-shark-attack-victim-named-as-mani-hartdeville/4139e221-39e7-45b1-8eed-a1367832e960,Tributes have flowed for 15-year-old Mani Hart-Deville killed by a shark on the NSW North Coast.
Teen dies after shark attacks him during surf,"8:03pm Jul 11, 2020",2020,Y,Y,Surfing,sharks,https://www.9news.com.au/sharks,https://www.9news.com.au/national/shark-attack-teenage-boy-injured-nsw-north-coast/d48e7aaf-3625-411d-94f5-50bd786d07aa,A 15-year-old boy has been attacked by a shark on the NSW North Coast.
'Why get in there?': Brother's final moments before shark attack,"7:52pm Jul 6, 2020",2020,Y,N,Spearfishing,national,https://www.9news.com.au/national,https://www.9news.com.au/national/brother-of-fraser-island-shark-attack-victim-says-matt-had-no-regrets-qld-news/f0df5e0f-a771-4197-8557-abd46d923253,"Rob Tratt said no words could describe what it was like as his brother bled out, but knew Matt had no regrets about getting in the water."
'Our hearts are hurting': Tributes for Sunshine Coast dad killed by shark,"7:35pm Jul 5, 2020",2020,Y,N,Snorkeling/Diving,sharks,https://www.9news.com.au/sharks,https://www.9news.com.au/national/fraser-island-shark-attack-scuba-diver-bitten-off-indian-head-bypass/194c43fb-047b-48be-914c-b4723fd93271,A man who died after being attacked by a shark off Fraser Island has been identified as father-of-two Matthew Tratt.
Shark attack prevention drones to patrol popular beaches,"7:00pm Jul 1, 2020",2020,N,N,Research/Politics/Recap,sharks,https://www.9news.com.au/sharks,https://www.9news.com.au/national/shark-attacks-prevention-technology-drones-surveillance-sydney-beaches-nsw-news/cd90aa12-e80b-4551-959a-09eead4efc06,"After a five-year trial, the $8m program will kick off in Sydney and see surveillance teams tag and release sharks lured towards the coast by already-established SMART drumlines."
Shark control programs in spotlight after surfer's fatal mauling,"5:12pm Jun 9, 2020",2020,N,N,Surfing,sharks,https://www.9news.com.au/sharks,https://www.9news.com.au/national/rob-pedretti-nsw-shark-attack-reignites-debate-over-control-programs/015ae5af-de74-4528-834a-b5122133faa5,"Just 48 hours after the fatal mauling of surfer Rob Pedretti, the Tweed Shire's beaches have reopened amid calls for greater surveillance of the waters."
"Great white sharks are bottom-feeders as juveniles, Australian study finds","12:19pm Jun 9, 2020",2020,N,N,Research/Politics/Recap,sharks,https://www.9news.com.au/sharks,https://www.9news.com.au/national/great-white-sharks-bottomfeeders-juveniles-australian-study-finds-what-do-sharks-eat/f775e8ac-40dd-4e5e-af25-6558347df2ff,Great white sharks spend more time foraging on the ocean floor for small morsels than hunting large prey closer to the surface.
"Shark sighted, beaches closed amid hunt for killer great white","11:52am Jun 8, 2020",2020,N,N,Shark Spotting,sharks,https://www.9news.com.au/sharks,https://www.9news.com.au/national/nsw-shark-attack-victim-rob-pedretti-remembered-as-beaches-remain-closed/161fe4af-f9b5-4f3f-a368-0405e3d98317,Beaches in the Tweed shire will remain closed for a further 24 hours after a shark was sighted near Fingal head.
'Heroic' surfers fought off great white after fatal attack,"10:43am Jun 8, 2020",2020,Y,N,Surfing,sharks,https://www.9news.com.au/sharks,https://www.9news.com.au/national/nsw-shark-attack-man-killed-surfing-off-casuarina-beach-kingscliff/9cf46193-242a-4a0c-9807-3d1b9ad83a04,"Two surfers are being hailed ""heroes"" after they took on a three-metre shark that fatally attacked a man off a northern NSW beach this morning."
Local surfboard maker killed in California shark attack,"3:12pm May 11, 2020",2020,N,N,International,sharks,https://www.9news.com.au/sharks,https://www.9news.com.au/national/california-shark-attack-surfer-killed-sand-dollar-beach/9988eeaf-4e0a-41af-bedb-924827883192,A young man killed in a shark attack in California over the weekend was a much-loved surfboard maker.
Young surfer punches shark during Bells Beach attack,"7:10pm May 9, 2020",2020,Y,N,Surfing,Victoria,https://www.9news.com.au/victoria,https://www.9news.com.au/national/shark-attack-young-french-tourist-punches-shark-at-bells-beach-in-victoria/d8e4b4a7-d012-4746-b551-b6d1a5da60f2,A French tourist has twice punched a shark after it attacked him while surfing at Victoria's iconic beach.
Hundreds watch livestreamed funeral for shark attack victim,"11:26am Apr 21, 2020",2020,N,N,Research/Politics/Recap,Funeral,https://www.9news.com.au/funeral,https://www.9news.com.au/national/zach-robba-shark-attack-victim-remembered-livestreamed-funeral-coronavirus-restrictions/6e247858-2c0c-4198-8448-9e25b6c0da65,A 23-year-old wildlife worker who was killed in a shark attack earlier this month has been remembered as an outgoing young man with an enthusiasm for life like no other.
Shark attack victim Zach Robba died carrying out dream job,"12:25pm Apr 7, 2020",2020,Y,N,Unknown,Far North Queensland,https://www.9news.com.au/far-north-queensland,https://www.9news.com.au/national/man-dies-after-shark-attack-on-great-barrier-reef/a38da891-3ecb-485f-86df-57a4084f4c87,A shark has killed a Queensland parks and wildlife officer during a work trip at the southern end of the Great Barrier Reef.
Dad punches shark in the eye to escape attack,"12:08pm Feb 29, 2020",2020,Y,N,Surfing,sharks,https://www.9news.com.au/sharks,https://www.9news.com.au/world/shark-attack-new-zealand-nick-minogue-punches-shark-to-escape-surfing-attack/eb0874e3-db02-45ac-8df9-4cd59e5bd6eb,When surfer Nick Minogue swung a clenched fist at the beastly eye staring back at him his first punch missed its target.
Tiny shark defies dip in attacks on humans,"10:01am Feb 4, 2020",2020,N,N,Research/Politics/Recap,sharks,https://www.9news.com.au/sharks,https://www.9news.com.au/world/shark-attacks-down-but-tiny-predator-shows-new-aggression/bc78dd9a-34ca-4661-9f3b-9a274acaaeb4,"Global unprovoked shark attacks remained remarkably low last year, but one obscure creature displayed new-found aggression, experts say."
'When's this thing going to bite me again?': Surfer relives shark attack,"7:15pm Jan 22, 2020",2020,N,N,Research/Politics/Recap,emergencies,https://www.9news.com.au/emergencies,https://www.9news.com.au/national/shark-attack-nsw-shark-attack-victim-relives-horror-attack/5ee3a21c-e746-4f3f-aee3-ad5a490afe11,Wil Schroeter's fascination with sharks began as an 11-year-old after getting his first surfboard. Little did he know how close his curiosity would take him.
Surfer hospitalised after shark attack,"6:54pm Jan 17, 2020",2020,Y,N,Surfing,NSW Ambulance,https://www.9news.com.au/nsw-ambulance,https://www.9news.com.au/national/shark-attacks-man-off-nsw-beach-australia-news/331dabcc-5dd5-402b-b170-143311063ae9,"A man's foot has been ""bitten through the bone"" by a shark while he was surfing off a beach south of Sydney this morning."
Family of girl attacked by shark say it was responsible for earlier attack,"8:12pm Jan 16, 2020",2020,Y,N,Misc,sharks,https://www.9news.com.au/sharks,https://www.9news.com.au/national/shark-attack-queensland-family-of-girl-claim-same-animal-responsible-for-another-attack/d3bf4e73-e6fe-4795-ad1e-4ae8d9942b3b,The family of a seven-year-old girl bitten on the leg by a shark at a Central Queensland island last week say they believe the shark was behind another attack last month.
Why our current attitude towards sharks is wrong,"9:41am Jan 16, 2020",2020,N,N,Research/Politics/Recap,sharks,https://www.9news.com.au/sharks,https://www.9news.com.au/national/sharks-australia-new-report-shows-changing-attitude/1914da1c-7739-4e2e-83c5-c176e35909bf,"A new research project is looking at Australia's attitude towards sharks and how more ""positive"" experiences with them can ease our fear of them."
Young girl attacked by shark while swimming in Queensland,"7:48pm Jan 9, 2020",2020,Y,N,Swimming,queensland,https://www.9news.com.au/queensland,https://www.9news.com.au/national/bitten-on-the-leg-by-shark-queensland-yeppoon/7d82ecdd-08e9-4615-a041-bc836b86c065,"A seven-year-old girl attacked by a shark off Queensland has a bite wound to the back of her leg, and puncture wounds to her foot."
Mourning town demands shark action after fatal attacks off beaches,"10:57pm Jan 7, 2020",2020,N,N,Research/Politics/Recap,Western Australia,https://www.9news.com.au/western-australia,https://www.9news.com.au/national/sharks-lurking-as-body-found-in-wa-waters/f45c6e33-9228-4754-bd90-cffd7dadeec5,"Days after two people died in waters off popular WA beaches, two more Great White sharks were spotted lurking in waters metres off the coast."
Seven-year-old boy knocked off surfboard by shark,"4:40pm Dec 3, 2019",2019,N,N,Surfing,sharks,https://www.9news.com.au/sharks,https://www.9news.com.au/national/boy-knocked-off-surfboard-by-shark-in-florida-at-new-smyrna-beach/93fb6e24-9a44-4a29-85d2-9aff9ea5db4a,Chandler Moore was surfing with his dad in Florida when a GoPro captured the encounter.
Concerns as 22 sharks caught near tourism hotspot,"8:13am Dec 2, 2019",2019,N,N,Shark Spotting,sharks,https://www.9news.com.au/sharks,https://www.9news.com.au/national/shark-attack-queensland-22-captured-catch-and-kill-program/4cc0bbd9-3e1d-4965-afd8-cef49432982b,There are growing safety concerns for swimmers after 22 sharks were caught near a Queensland tourism hotspot in just over six weeks.
Brit 'eaten by shark' off notorious Indian Ocean island,"5:44pm Nov 7, 2019",2019,N,N,International,sharks,https://www.9news.com.au/sharks,https://www.9news.com.au/world/shark-death-reunion-island-scottish-man-eaten-by-shark-on-holiday-europe-news/a8c30587-a2ee-424b-8500-68738ea4ac8d,A British tourist is believed to have been eaten by a shark off the coast of an island notorious for attacks.
Call for action on shark attacks,"7:50pm Nov 4, 2019",2019,N,N,Research/Politics/Recap,queensland,https://www.9news.com.au/queensland,https://www.9news.com.au/national/queensland-shark-attacks-tourist-industry-calls-for-new-controls-to-protect-visitors/7d57866d-3bb2-4d7f-adfe-a69e4e633ce3,Queensland tourism operators are demanding urgent government action to control sharks in the Great Barrier Reef amid fears foreign tourists are being scared off.
Swedish nurses who gave first aid to shark attack victim 'saved his life',"7:59pm Oct 30, 2019",2019,Y,N,Unknown,sharks,https://www.9news.com.au/sharks,https://www.9news.com.au/national/airlie-beach-shark-attack-british-backpacker-victim-in-good-spirits-after-losing-foot/2f0432f0-7bf2-4ea8-ae9b-ca10ee07958c,A Swedish nurse and paramedic who administered first aid to a British backpacker whose foot was bitten off by a shark say they believe they saved his life.
Shark bites off tourist's foot in Airlie Beach attack,"7:26pm Oct 29, 2019",2019,Y,N,Snorkeling/Diving,sharks,https://www.9news.com.au/sharks,https://www.9news.com.au/national/shark-attack-in-airlie-beach-two-people-injured/2ffb22f0-a2af-423f-9ff1-d863d4954540,The shark bit off an English tourist's foot and left another with serious lacerations to his leg.
Huge 900kg shark discovered off US coast,"1:50pm Oct 28, 2019",2019,N,N,International,sharks,https://www.9news.com.au/sharks,https://www.9news.com.au/national/great-white-shark-south-carolina-unamaki-found-us-east-coast/961b838e-e177-4ac9-a1d7-89a7395f9610,Unama'ki is the second biggest white shark to be tagged in the Atlantic.
Tourist loses hands in rare shark attack off Polynesian island,"2:07pm Oct 23, 2019",2019,N,N,International,World,https://www.9news.com.au/world,https://www.9news.com.au/world/shark-attack-french-tourist-loses-hands-in-rare-attack-off-polynesian-island/0dd0d92e-ecd9-4d05-b70b-ea8118db8a05,A tourist has had both her hands bitten off in a horrific shark attack in French Polynesia.
'Doing what it naturally does': Shark attack victim wants end to baiting,"10:40pm Oct 20, 2019",2019,N,N,Research/Politics/Recap,60 Minutes,https://www.9news.com.au/60-minutes,https://www.9news.com.au/national/60-minutes/fce46168-c62d-4b46-9906-eedc076c5f45,Shark attack victim Glenn Dickson wants Australia to rethink its attitude to shark protection - despite what a shark cost him.
'Lucky' teen survives shark taking monster bite out of board,"8:13pm Oct 18, 2019",2019,N,N,Surfing,queensland,https://www.9news.com.au/queensland,https://www.9news.com.au/national/qld-shark-attack-teen-tradie-lucky-to-survive-after-shark-takes-monster-bite-out-of-board/d0310ccc-edf7-4cf5-af5a-88d5b60ca104,"Today, at a press conference for an unrelated issue, Ms Carroll confirmed she is deciding whether further action should be taken."
'It just rammed me': Surfer's narrow escape,"8:03pm Oct 6, 2019",2019,Y,N,Surfing,Sydney,https://www.9news.com.au/sydney,https://www.9news.com.au/national/sydney-news-shark-attack-seal-rocks-sydney-man/a491ce8c-6e33-4871-812c-26a7c81deb48,"A Sydney man is counting his luck after a ""giant"" shark took a huge chunk out of his surfboard while he was surfing on the Mid North Coast."
Darwin man bitten on leg by shark,"10:01pm Sep 30, 2019",2019,Y,N,Fishing,sharks,https://www.9news.com.au/sharks,https://www.9news.com.au/national/darwin-shark-attack-man-hospitalised-near-nightcliff-jetty-nt-news/997a2199-b795-410f-96cd-2802a374280b,A man has been bitten by a shark at a popular Darwin fishing spot on the weekend.
Queensland Govt to fight court ruling to ban shark baiting and culling,"2:45pm Sep 19, 2019",2019,N,N,Research/Politics/Recap,sharks,https://www.9news.com.au/sharks,https://www.9news.com.au/national/queensland-government-to-fight-federal-courts-shark-culling-decision/45841d82-a09f-4d6c-aacc-66018e780430,The Queensland government wants the federal government to change a law so it can continue to bait and kill sharks at the Great Barrier Reef.
Woman attacked by shark in Hawaii,"4:04pm Aug 21, 2019",2019,N,N,International,sharks,https://www.9news.com.au/sharks,https://www.9news.com.au/world/hawaii-shark-attack-woman-bitten-off-big-island/d7df6bb3-f9b6-4e8f-9457-fb931d7ee53a,"A woman has been savaged by a shark at a popular beach in Hawaii, prompting authorities to close parts of the coast and warn of more attacks."
Teen's lucky escape after shark bites chunk out of surfboard,"12:01pm Aug 15, 2019",2019,N,N,International,shark,https://www.9news.com.au/shark,https://www.9news.com.au/world/shark-attack-teens-lucky-escape-after-tiger-shark-bites-chunk-out-of-surfboard/dd4273bc-f2c4-4189-9579-48180213095d,A surfer in Hawaii has survived after a shark bites took a huge chunk out of his surfboard.
Shark attack victim rescued by boat full of nurses,"2:44pm Aug 7, 2019",2019,N,N,International,Florida,https://www.9news.com.au/florida,https://www.9news.com.au/world/florida-shark-attack-victim-saved-by-fishing-boat-full-of-nurses-us-news/9ffc5efa-0078-4777-b2a1-cc0f83bee16b,"A shark attack victim was lucky enough to be saved off the coast of Florida by a nearby fishing boat, full of nurses."
Shark attack capital of world trials new shield to halt deaths,"5:24pm Aug 6, 2019",2019,N,N,Research/Politics/Recap,sharks,https://www.9news.com.au/sharks,https://www.9news.com.au/world/shark-net-barrier-reunion-australia-drum-lines-environment-news/ff3f532b-5df7-4ae5-8f68-230a484a15a8,Scuba diving at a beach where water sports are banned because of so many fatal shark attacks is not for the faint-hearted.
Sharks bite three people in 24 hours at same Florida beach,"9:18am Aug 6, 2019",2019,N,N,International,sharks,https://www.9news.com.au/sharks,https://www.9news.com.au/world/florida-sharks-attack-bite-three-people-in-24-hours-at-the-same-beach-usa-news/d6be0098-2535-4cac-b0a0-67fa88f3c1b6,"Experts describe New Smyrna Beach in Volusia County, Florida, as the shark attack capital of the world, and it lived up to that reputation this weekend, when three people were bitten by sharks over two days."
"Pro surfer gets bit by shark, heads straight to bar","4:22pm Jul 29, 2019",2019,N,N,International,sharks,https://www.9news.com.au/sharks,https://www.9news.com.au/world/shark-attack-pro-surfer-bitten-off-florida-coast-news-us/2820c624-7530-4849-bb3d-7af06f17b66f,Two men have been attacked by sharks off the eastern coast of Florida in the US.
Stand up paddleboarder bitten by bull shark tangled in his leg rope,"10:52am Jul 9, 2019",2019,Y,N,Misc,queensland,https://www.9news.com.au/queensland,https://www.9news.com.au/national/shark-attack-sunshine-coast-bells-esplanade-news/a6b1b578-f9aa-4cca-820b-90f1681eae62,A stand up paddleboarder has been bitten by what he suspects was a baby bull shark that became entangled in his leg rope.
Authorities confirm Manly swimmer was attacked by a shark,"4:04pm Jul 2, 2019",2019,Y,N,Swimming,beaches,https://www.9news.com.au/beaches,https://www.9news.com.au/national/man-attacked-by-shark-at-manly-beach-sydney-news/a795fc0f-0863-49ef-ac78-85c4ae5a9c46,Sydney's famous Manly Beach has been closed after a man was injured in a shark attack during an early morning swim today.
Bahamas shark attack victim killed in horrific mauling,"10:56am Jun 28, 2019",2019,N,N,International,World,https://www.9news.com.au/world,https://www.9news.com.au/world/bahamas-shark-attack-student-killed-family-holiday-rose-island-news-usa-world/cb24e865-9481-42fc-ab20-f67ca6399802,"Jordan Lindsey, 21, suffered bites to her arms, legs and buttocks and her right arm was bitten off when three sharks attacked her near Rose Island."
Great white shark steals bait off New Jersey fishing boat,"9:51am Jun 20, 2019",2019,N,N,International,sharks,https://www.9news.com.au/sharks,https://www.9news.com.au/world/us-news-great-white-shark-steals-bait-off-new-jersey-fishing-boat/b50204b6-fdc6-47c5-9087-3f079fe68820,Six fishermen in the US got a fright when they were confronted by a great white shark during a fishing trip this week.
World surfing champion’s shark fears eased,"8:52pm May 29, 2019",2019,N,N,Research/Politics/Recap,SURFING,https://www.9news.com.au/surfing,https://www.9news.com.au/national/shark-fears-of-surfing-world-champion-eased-at-margaret-river-pro/020c69a8-cbb6-4089-bd0e-e297e43a0bc9,World surfing champion Gabriel Medina has returned and competed at the Margaret River Pro event in WA.
Man killed in Hawaii shark attack pulled ashore missing leg,"8:44am May 27, 2019",2019,N,N,International,Hawaii,https://www.9news.com.au/hawaii,https://www.9news.com.au/world/news-world-man-killed-in-hawaii-shark-attack-pulled-ashore-missing-a-leg/74e28b5f-dfaf-4204-b47a-0ee03ab89416,"A California man who died after being attacked by a shark while swimming in Hawaii was pulled ashore missing a leg, according to a witness."
Man bitten by shark at remote beach near Bundaberg,"11:35am May 15, 2019",2019,Y,N,Surfing,Wide Bay,https://www.9news.com.au/wide-bay,https://www.9news.com.au/national/shark-attack-queensland-yandaran-bundaberg-man-stable-bodysurfing/05126ee3-da15-4763-b312-4c53235ff14a,The remote beach near Yandaran is not patrolled by surf lifesavers.
Surfer killed by shark off Reunion Island,"10:40am May 10, 2019",2019,Y,N,Surfing,sharks,https://www.9news.com.au/sharks,https://www.9news.com.au/world/shark-attack-surfer-killed-by-predator-off-reunion-island/8f420466-f1bf-4f22-a9ae-e63274a03012,A surfer has been killed in a shark attack off France’s Reunion Island.
Drone films shark feeding metres from Bondi swimmers,"11:06am May 2, 2019",2019,N,N,Shark Spotting,sharks,https://www.9news.com.au/sharks,https://www.9news.com.au/national/bondi-beach-shark-sighting-swimmers-evacuated-at-australias-iconic-beach/12fb0dfe-3ca3-4c18-8f06-55a25d64a1f4,A large great white shark has been spotted feeding just metres from swimmers at Australia’s iconic Bondi Beach.
Child attacked by shark: ‘I saw there was a lot more blood’,"3:07pm Apr 17, 2019",2019,N,N,International,Florida,https://www.9news.com.au/florida,https://www.9news.com.au/world/us-news-florida-10-year-old-attacked-by-shark-on-birthday/e95fe042-49e3-4969-8ede-79f2d5be3400,A young girl in the US was attacked by a shark while celebrating her 10th birthday during a family trip away.
Shark attack victim ready to get back in the water,"8:42pm Apr 15, 2019",2019,N,N,Research/Politics/Recap,queensland,https://www.9news.com.au/queensland,https://www.9news.com.au/national/queensland-news-shark-attack-great-barrier-reef-drum-lines/9c371fc0-7877-4adb-a509-ef772285f3b1,A man who lost nearly a litre of blood in a shark attack on the Great Barrier Reef agrees with a court ruling that drum lines should be removed.
Man thanks rescue crews after being bitten by shark,"8:16pm Mar 26, 2019",2019,Y,N,Swimming,queensland,https://www.9news.com.au/queensland,https://www.9news.com.au/national/shark-attack-queensland-whitsundays-man-bitten/b0af679f-62fc-4c30-ad0e-8b78bbcba60b,A man who was attacked by a shark at the Great Barrier Reef in the Whitsundays managed to push the animal off before swimming back to his boat.
Shark attacks off Australia have doubled in the past 20 years,"4:45pm Feb 28, 2019",2019,N,N,Research/Politics/Recap,shark,https://www.9news.com.au/shark,https://www.9news.com.au/national/news-australia-shark-attacks-have-doubled-in-the-past-20-years/49e30a4a-a85a-4099-859c-afdb21f64113,"If deadly snakes weren’t already enough to worry about, shark attacks off Australia’s coastlines have doubled over the past 20 years."
Surfer reveals harrowing ordeal after 'mighty hunk' taken from leg,"7:32am Feb 21, 2019",2019,N,N,Research/Politics/Recap,sharks,https://www.9news.com.au/sharks,https://www.9news.com.au/national/byron-bay-shark-attack-belongil-beach-victim-sam-edwardes-bitten-on-leg/c75c16a1-63b4-4098-8765-a93a5474d50d,"Surfer Sam Edwardes relives his harrowing ordeal in an interview with Today's Georgie Gardner, after being attacked by a shark at Byron Bay on Sunday."
Surfer 'lucky to be alive' after Great White attack,"10:49am Feb 18, 2019",2019,N,N,Research/Politics/Recap,sharks,https://www.9news.com.au/sharks,https://www.9news.com.au/national/nsw-news-byron-bay-man-bitten-by-shark/b3089d5e-fd37-4dd9-810b-79fbb1c270b2,Beaches are expected to reopen today after a man was attacked by a shark on the north coast of New South Wales yesterday.
Australia is the world's second worst place for shark-attacks,"2:46pm Jan 31, 2019",2019,N,N,Research/Politics/Recap,sharks,https://www.9news.com.au/sharks,https://www.9news.com.au/national/shark-attack-australia-second-ranked-worldwide/4a3c7ca5-807c-4ad8-8311-70257ff53884,Australia remains one of the world's top shark attack hotspots with 20 unprovoked incidents last year.
New wetsuits could stop shark attack deaths,"9:17pm Jan 28, 2019",2019,N,N,Research/Politics/Recap,national,https://www.9news.com.au/national,https://www.9news.com.au/national/science-news-shark-attacks-protective-wetsuit-material-flinders-university-research/99b1696b-f040-4fc8-8f9c-2b9b27903d12,University researchers may have found a way to protect people from the razor-sharp teeth of sharks.
Teenage girl mauled by shark,"10:51pm Jan 14, 2019",2019,Y,N,Swimming,shark,https://www.9news.com.au/shark,https://www.9news.com.au/national/news-perth-shark-attack-isabella-brett-jensen-north-cottesloe-beach/9987fa12-1d4e-4686-bec0-ea6c1dbfe705,"Isabella Brett-Jensen, 15, collapsed after being bitten by a shark at North Cottesloe Beach, leaving vicious teeth marks and a part of her foot missing."
Double shark attack in Whitsundays,"1:32pm Jan 10, 2019",2019,Y,N,Misc,national,https://www.9news.com.au/national,https://www.9news.com.au/national/shark-attack-whitsundays-two-people-bitten/b80e098e-aab5-4458-8f11-e8f05f9ab163,A woman and a young girl were attacked in the shallows at Catseye Beach on Hamilton Island this morning.
Heart-stopping moment sharks chase man in inflatable boat,"1:15pm Jan 10, 2019",2019,Y,N,Fishing,Perth,https://www.9news.com.au/perth,https://www.9news.com.au/national/perth-news-rottnest-island-sharks-chase-inflatable-boat/42ed56cd-65fd-434c-8cf7-3894a4e21f34,A Perth fisherman has filmed the heart-stopping moment four sharks began circling his inflatable boat.
Shark scare sends kids scrambling,"7:41pm Dec 23, 2018",2018,N,N,Shark Spotting,shark,https://www.9news.com.au/shark,https://www.9news.com.au/national/shark-alarm-kids-scramble-to-safety-after-large-shark-spotted-100-metres-off-mccrae/3c68bf35-161d-4c70-822f-03d52a6b7bd0,"A large shark, possibly a juvenile Great White or a Mako, was escorted out to sea by the coastguard today."
Teen relives moment he was mauled by sharks while fishing,"7:59pm Dec 10, 2018",2018,N,N,Research/Politics/Recap,sharks,https://www.9news.com.au/sharks,https://www.9news.com.au/national/sean-whitcombe-nhulunbuy-shark-attack-victim-keen-to-get-back-to-fishing/09546db9-2cdd-4cf4-aa8c-6b51a0d2fb3b,"A teenager who was attacked by sharks in the Northern Territory says he'll get back in the water ""anytime""."
Champion lifesaver's grim place in Australian history,"12:30pm Dec 10, 2018",2018,Y,N,Surfing,shark,https://www.9news.com.au/shark,https://www.9news.com.au/national/shark-nets-evidence-behind-nsw-bather-protection-program/41b2d6cc-3cf1-4993-b980-975bf1726320,'Mauled on every part except his head'
Father mauled while surfing once described himself as 'shark bait',"6:21am Dec 10, 2018",2018,Y,N,Surfing,sharks,https://www.9news.com.au/sharks,https://www.9news.com.au/national/shark-attack-man-suffers-severe-leg-injury-nambucca-heads/2fd47fd4-84e4-41b0-b1d7-0d67ae19502b,Father-of-three Joel Mason is recovering in hospital after he was attacked by a shark while surfing on the NSW Mid North Coast today.
Australia's solutions for preventing shark attacks,"12:37pm Nov 29, 2018",2018,N,N,Research/Politics/Recap,national,https://www.9news.com.au/national,https://www.9news.com.au/national/australian-shark-attacks-state-governments-prevention-measures-nets-drum-lines-deterrents/ffa941af-f94b-4245-8c62-7495c4ed3970,"In 71 days, Australia has witnessed nine serious shark attacks - so what are governments doing to stop them? In 71 days, Australia has witnessed nine serious shark attacks - so what are governments doing to stop thIn 71 days, Australia has witnessed nine serious shark attacks - so what are governments doing to stop them?"
Spear fisherman watches helplessly as shark attacks mate,"2:45pm Nov 27, 2018",2018,N,N,International,World,https://www.9news.com.au/world,https://www.9news.com.au/world/young-spear-fisherman-survives-shark-attack/36839938-80d6-4693-8b27-460caddaa27d,"As the rapid fire of a single word punctured the quiet of their surrounds, a group of young spear fisherman knew one of them was in trouble."
Shark attack victim and aspiring footballer critical after surgery,"7:50pm Nov 19, 2018",2018,Y,N,Spearfishing,Northern Territory,https://www.9news.com.au/northern-territory,https://www.9news.com.au/national/nt-shark-attack-victim-sean-whitcombe-critical-after-undergoing-surgery/c59bfebd-826e-42a3-be88-81391ca2c4b7,A 17-year-old boy remains sedated and in a critical condition after he was attacked by up to 10 reef sharks in the Northern Territory.
'We have to cull them now': Debate over shark safety heats up,"7:48pm Nov 19, 2018",2018,N,N,Research/Politics/Recap,A Current Affair,https://www.9news.com.au/a-current-affair,https://www.9news.com.au/national/shark-attack-safety-cull-debate/d167eb89-c8f7-45df-991d-8df17e9779b9,Fisherman have predicted more deadly shark attacks this summer.
Teenage boy 'mobbed by more than 10 sharks' while spearfishing,"6:42am Nov 19, 2018",2018,Y,N,Spearfishing,sharks,https://www.9news.com.au/sharks,https://www.9news.com.au/national/nt-shark-attack-teenage-boy-injured-while-spearfishing-off-arnhem-land/23aff40e-eb16-4237-8530-71bb1a8056c0,The 17-year-old boy has been airlifted to Darwin after he was mauled by sharks while spearfishing off the Northern Territory coast.
Surf lesson ends in shark attack,"7:21pm Nov 17, 2018",2018,Y,N,Surfing,national,https://www.9news.com.au/national,https://www.9news.com.au/national/gerroa-shark-attack-man-bitten-surf-lesson-seven-mile-beach/cb30d195-68e9-420f-8c98-4e7d4c76d6ae,Seven Mile Beach has been closed after the man was airlifted to hospital with puncture wounds to his hand and leg.
Fisherman attacked by tiger shark,"7:46pm Nov 15, 2018",2018,Y,N,Fishing,national,https://www.9news.com.au/national,https://www.9news.com.au/national/queensland-shark-attack-moffat-beach-sunshine-coast-kayaker-tiger-shark-rescue/64a957a7-756e-4f0e-bc26-4c75a106cc5f,"The man was treated for shock after the 4.5-metre shark latched onto his kayak and threw him into waters off Moffat Beach, south of the Sunshine Coast."
'I just went into attack mode': Man mauled by shark in WA,"9:46pm Nov 12, 2018",2018,Y,Y,Surfing,Perth,https://www.9news.com.au/perth,https://www.9news.com.au/national/perth-shark-attack-victim-noah-symmans-pyramids-beach/60d0c934-1b09-4e31-834a-a387639f7768,"Shark attack victim Noah Symmans, 20, was sitting on his bodyboard when he felt the shark start to drag him under the water at a beach south of Perth yesterday."
How Australia can stop shark attacks,"4:56am Nov 12, 2018",2018,N,N,Research/Politics/Recap,sharks,https://www.9news.com.au/sharks,https://www.9news.com.au/national/australia-shark-attacks-prevention-technology-shark-shield/888cd314-7d2b-4549-87ae-90c32e10f215,"With four serious shark attacks on Australia’s east coast in two months, beachgoers have been left wondering what they can do to avoid dying."
Bodyboarder suffers 'traumatic' leg injuries in shark attack,"9:44pm Nov 11, 2018",2018,Y,Y,Surfing,sharks,https://www.9news.com.au/sharks,https://www.9news.com.au/national/mandurah-shark-attack-bodyboarder-taken-to-hospital/28a6c519-f30b-4064-9a23-0bc46eae1730,"A bodyboarder bitten by a shark south of Perth has been flown to hospital as the WA premier urged beachgoers not to be ""too frightened"" in the water."
Shark migration study in Whitsundays in lieu of drum lines,"8:15pm Nov 9, 2018",2018,N,N,Research/Politics/Recap,sharks,https://www.9news.com.au/sharks,https://www.9news.com.au/national/shark-migration-study-in-whitsundays-in-lieu-of-drum-lines/3c5ba0ad-33de-425b-a352-4a323f98e15d,"A $250,000 study will be conducted to figure out shark migration patterns around Queensland, in the hopes of preventing further attacks."
Whitsundays shark death prompts experts meeting,"6:31am Nov 9, 2018",2018,N,N,Research/Politics/Recap,sharks,https://www.9news.com.au/sharks,https://www.9news.com.au/national/whitsunday-shark-attacks-daniel-christidis-justine-barwick-hannah-papps/272dd202-e33e-4d7e-b0c6-5896b2b78111,Queensland will try to work out how best to prevent Whitsundays swimmers being mauled by sharks at a special meeting with experts.
'I thought that was it': NSW surfer relives shark attack,"6:00pm Nov 8, 2018",2018,N,N,Research/Politics/Recap,New South Wales,https://www.9news.com.au/new-south-wales,https://www.9news.com.au/national/nsw-shark-attack-victim-wanted-to-drive-himself-to-hospital/a38cfe27-a814-47ef-9bbc-7387665dbbbc,A surfer bitten by a great white on the NSW North Coast had a premonition that there was a shark in the water moments before the attack.
MP demands mass shark cull after attacks,"6:00pm Nov 8, 2018",2018,N,N,Research/Politics/Recap,queensland,https://www.9news.com.au/queensland,https://www.9news.com.au/national/queensland-government-rejects-demands-for-shark-culling/0a5882e7-8aee-489d-b478-dc3e28afaa93,The Queensland government will not consider demands for a shark cull in the Whitsunday Islands following the fatal mauling of a Victorian doctor this week.
Tributes for much-loved doctor killed in 'tragic' shark attack,"7:23pm Nov 7, 2018",2018,Y,N,Misc,national,https://www.9news.com.au/national,https://www.9news.com.au/national/man-attacked-by-shark-in-whitsundays/a5ec996a-0c78-4543-9538-2b9d1f9e9558,"""He was a bright spark"": Doctor Daniel Christidis was fatally mauled by a shark while on holidays in the Whitsunday Islands on Monday."
Surfer fought off 2.6m great white shark,"7:11pm Nov 7, 2018",2018,Y,N,Surfing,national,https://www.9news.com.au/national,https://www.9news.com.au/national/shark-attack-nsw-ballina-shelley-beach-man-in-hospital-leg-gash/96ffa7c4-e92a-4299-a330-d91fc973f256,"A 43-year-old man took himself to Ballina Hospital, on the NSW far north coast, after being bitten by a shark at Shelley Beach in East Ballina."
'Madness' no traps in shark attack harbour,"10:47am Nov 6, 2018",2018,N,N,Research/Politics/Recap,sharks,https://www.9news.com.au/sharks,https://www.9news.com.au/national/shark-attack-whitsundays-cid-harbour-madness-no-drumlines-mp-jason-costigan/bde6893e-15c4-45c2-94c2-e30b97679f2c,"The clamour for drumlines to be permanently deployed at Cid Harbour in the Whitsundays is growing louder following Monday's ""absolutely horrific"" fatal shark attack."
Surfer punches shark at NSW nudist beach,"7:39pm Oct 20, 2018",2018,Y,N,Surfing,disasters,https://www.9news.com.au/disasters,https://www.9news.com.au/national/shark-punched-after-latching-onto-surfer/50444e6b-f6f4-4bd8-a7cd-25202ed19843,A 51-year-old surfer has escaped serious injury after punching a shark in the head at a beach north of Newcastle.
Swimmer attacked by shark off NSW nudist beach,"9:35am Oct 20, 2018",2018,Y,N,Swimming,shark,https://www.9news.com.au/shark,https://www.9news.com.au/national/shark-attack-swimmer-mauled-off-samurai-beach-nudist-beach-port-stephens/d156c70e-487d-49f9-92b2-b20b50bf65cb,A swimmer has been rushed to hospital after being mauled by a shark while in the water near Newcastle this morning.
Woman falls into shark tank at shopping centre in China,"11:39am Oct 18, 2018",2018,N,N,International,World,https://www.9news.com.au/world,https://www.9news.com.au/world/woman-falls-into-shark-tank-in-china/9e084f27-68e5-4c81-b68f-6b4446aae0b3,A woman has narrowly escaped becoming fish food after falling into a tank filled with sharks in a shopping centre in China.
Fishermen fend off five-metre great white shark with speargun,"9:55pm Oct 14, 2018",2018,Y,N,Fishing,sharks,https://www.9news.com.au/sharks,https://www.9news.com.au/national/great-white-shark-perth-two-rocks-spear-fishermen/6b42eef2-3b24-4511-9310-eaae0eea9b0d,"Two Perth fishermen have opened up about their chilling encounter with a five-metre great white shark, telling 9NEWS they fended it off with a speargun."
DNA test reveals boy attacked by great white shark,"3:00pm Oct 12, 2018",2018,N,N,International,sharks,https://www.9news.com.au/sharks,https://www.9news.com.au/national/great-white-shark-dna-test-confirm-boy-attacked-california-usa/898116e3-d181-499a-af5d-7b2f45a7b03d,"DNA testing has revealed the shark that attacked a 13-year-old boy last month off a Southern California shore was a great white, according to a report."
Survivor 'joyful' after serious shark bite,"8:03pm Oct 9, 2018",2018,Y,N,Fishing,queensland,https://www.9news.com.au/queensland,https://www.9news.com.au/national/shark-attack-yeppoon-queensland/2c254101-60f0-454a-8e7a-93c6143355c1,A 55-year-old man spent the night on a fishing charter with a serious wound from a shark bite.
Whitsundays shark attack victim finally on her way home,"8:53pm Oct 5, 2018",2018,Y,N,Snorkeling/Diving,emergencies,https://www.9news.com.au/emergencies,https://www.9news.com.au/national/whitsundays-shark-attack-victim-released-from-hospital/17f7577e-17ed-42df-a692-86e83d0a41a7,A mother from Tasmania has been released from a Brisbane hospital just weeks after a shark attack that almost killed her.
'Unfocused vengeance': Shark attack victim hits out at drumlines,"11:16am Sep 30, 2018",2018,N,N,Research/Politics/Recap,federal politics,https://www.9news.com.au/federal-politics,https://www.9news.com.au/national/great-white-shark-survivor-drumline/a154b747-91f5-453e-9f34-5e43bcc66452,"Lisa Mondy was attacked by a four-metre great white shark while wakeboarding in 2011 off Port Stephens NSW, but fiercely opposes the shark control method."
"Boy, 13, attacked by shark in California","8:37am Sep 30, 2018",2018,Y,N,Snorkeling/Diving,California,https://www.9news.com.au/california,https://www.9news.com.au/world/boy-attacked-by-shark-diving-in-south-california/98c128ed-904e-4385-a0ab-6103836f191a,"The boy was diving for lobsters when he was attacked, suffering traumatic upper torso injuries."
Shark killing after Whitsundays attacks a murky issue,"8:56pm Sep 24, 2018",2018,N,N,Research/Politics/Recap,sharks,https://www.9news.com.au/sharks,https://www.9news.com.au/national/shark-attacks-cull-whitsundays-cid-harbour-politics-drum-lines-killing/70c30984-73e1-4ab6-8779-1fdc0ba61bb0,"After two attacks on people last week, six sharks have been killed in Queensland's Cid Harbour."
More than 200 tiger sharks caught off Queensland beaches last year,"2:01pm Sep 24, 2018",2018,N,N,Research/Politics/Recap,sharks,https://www.9news.com.au/sharks,https://www.9news.com.au/national/queensland-shark-attacks-more-than-200-tiger-sharks-caught-off-beaches-last-year/c614cdae-0ff8-4a07-89c1-505a10a6ddab,It is little surprise only tiger sharks have so far been caught on the strategically-placed baited hooks which were dropped into a Queensland harbour following the two life-threatening attacks in the Whitsundays.
Conservationists demand re-think on shark cull,"9:58am Sep 24, 2018",2018,N,N,Research/Politics/Recap,queensland,https://www.9news.com.au/queensland,https://www.9news.com.au/national/drum-lines-placed-after-qld-shark-attacks/bb7e2c3f-b833-4527-80a3-2022cb20a4ec,Humane Society International and Sea Shepherd Australia say the shark killing gives people a false sense of security.
Drum lines rolled out in wake of Queensland shark attacks,"5:38am Sep 22, 2018",2018,N,N,Research/Politics/Recap,sharks,https://www.9news.com.au/sharks,https://www.9news.com.au/national/whitsunday-islands-queensland-shark-attacks-justine-barwick-bull-tiger/b29504e1-8bcf-4661-9a77-1b617788c12f,Baited hooks will remain in place for a week following two shark attacks in less than 24 hours at Queensland's Whitsunday Islands.
Authorities warn it's not safe to go back in water yet,"7:47pm Sep 21, 2018",2018,Y,Y,Snorkeling/Diving,national,https://www.9news.com.au/national,https://www.9news.com.au/national/shark-attack-girl-brisbane-whitsundays-drum-lines/0c4db20f-a8d9-4104-a719-127c05139cfb,"The shark or sharks that attacked two people at Cid Harbour in Queensland's Whitsunday Islands have not yet been caught, with authorities warning tourists and locals it's not yet safe to go back in the water."
Hunt continues for Whitsundays shark after 'freak' attacks,"7:37am Sep 21, 2018",2018,Y,Y,Snorkeling/Diving,national,https://www.9news.com.au/national,https://www.9news.com.au/national/second-shark-attack-queensland-cid-harbour/fb524db4-bfb8-4fa9-b56c-3ef3d75b9f27,"A girl has been attacked by a shark in Queensland's Whitsundays, near where a 46-year-old female snorkeler was mauled yesterday."
Hero doctor on boat saves shark bite victim,"9:01am Sep 20, 2018",2018,N,N,Research/Politics/Recap,sharks,https://www.9news.com.au/sharks,https://www.9news.com.au/national/shark-attack-off-whitsunday-islands/ea633b03-984c-4314-9c70-66a3ebf30e22,An experienced emergency department doctor on a nearby boat has saved the life of a woman bitten by a shark off the north Queensland coast.
Anti-shark device tested on feared ocean predators,"1:34pm Sep 18, 2018",2018,N,N,Research/Politics/Recap,sharks,https://www.9news.com.au/sharks,https://www.9news.com.au/technology/anti-shark-magnetic-device-tested-on-dummy-loaded-with-bat-and-rotting-fish/a130f2f1-bf53-4d72-9ece-d882ea671154,Ocean-loving Nathan Garrison has a bunch more shark stories to tell than most surfers.
Man killed in 'Jaws' attack off Cape Cod was 26-year-old student,"7:35pm Sep 17, 2018",2018,N,N,International,USA,https://www.9news.com.au/usa,https://www.9news.com.au/world/shark-attack-death-cape-cod-usa-jaws/0d3cf171-d874-47a0-962b-f281ee90a8f0,"Arthur Medici, 26, of Revere, Massachusetts, was bitten by a shark on Saturday while boogie boarding off Newcomb Hollow Beach in Wellfleet, Cape Cod."
NSW's offer of help on shark attacks 'misleading': Fisheries Minister,"10:20pm May 17, 2018",2018,N,N,Research/Politics/Recap,Western Australia,https://www.9news.com.au/western-australia,https://www.9news.com.au/national/east-coast-offers-wa-smart-drum-lines-to-prevent-shark-attacks/20b66fe6-886b-41be-a6ee-08a0c6bf4d4d,New South Wales has offered to boost Western Australia’s defence against shark attacks with the gift of five smart drum lines.
Political war over shark attacks risking lives,"9:55pm May 16, 2018",2018,N,N,Research/Politics/Recap,Western Australia,https://www.9news.com.au/western-australia,https://www.9news.com.au/national/western-australia-not-doing-enough-to-prevent-shark-attacks-federal-government-says/d743a064-1a07-4837-8b2e-1879a76fb120,The Federal Government has launched a war of words on the WA Government saying the state is not doing enough to protect the public from shark attacks.
Pressure builds on WA government for action on shark attacks,"10:26pm May 9, 2018",2018,N,N,Research/Politics/Recap,Western Australia,https://www.9news.com.au/western-australia,https://www.9news.com.au/national/local-surfers-put-pressure-on-wa-government-for-action-on-shark-attacks/72db19b8-856a-4655-8d44-ff04568bf857,The WA state government's facing more pressure to step up its action on sharks with more than 150 surfers descending on state parliament in protest.
Surfers demand government action after shark attacks,"9:00pm May 8, 2018",2018,N,N,Research/Politics/Recap,Western Australia,https://www.9news.com.au/western-australia,https://www.9news.com.au/national/wa-surfers-demand-government-action-after-shark-attacks-margaret-river-pro-cancelled/a8779398-c80f-4a03-8760-adac322e3f6a,"WA surfers have labelled the south west coastline a ‘ticking time bomb’, calling on the State Government to take shark action."
Shark bumps surfer’s board in latest scare,"8:38pm Apr 29, 2018",2018,Y,N,Surfing,sharks,https://www.9news.com.au/sharks,https://www.9news.com.au/national/shark-bumps-surfers-board-in-latest-scare/60e490f0-8340-4e02-b939-f8f2e64952f4,"Another shark scare has rocked the Western Australian coast, with a surfer recounting how he was bumped in Mandurah."
‘I just started screaming’: Surfer knocked off board by 2m shark,"9:01pm Apr 25, 2018",2018,Y,N,Surfing,West Australia,https://www.9news.com.au/west-australia,https://www.9news.com.au/national/wa-shark-scare-prevelly-surfer-knocked-off-board/c311b665-0f1f-4249-a28c-7521fe06c431,A West Australian man has had a terrifying run-in with a two-metre shark that flung him off his surfboard off the south-west coast this morning.
Lucky escape for teen surfers as huge great white swipes past,"8:57pm Apr 24, 2018",2018,Y,N,Misc,Western Australia,https://www.9news.com.au/western-australia,https://www.9news.com.au/national/shark-swipes-past-teenage-surfers-in-wa/65e17717-0520-4234-a985-ad65b2b8609f,"Three teenagers made a mad dash to the beach after a shark swiped past, 15 metres from shore."
Margaret River described as ‘most dangerous break’ by pro surfer,"6:13pm Apr 18, 2018",2018,Y,Y,Surfing,Western Australia,https://www.9news.com.au/western-australia,https://www.9news.com.au/national/margaret-river-described-as-most-dangerous-break-by-pro-surfer/cefac00d-3736-41a8-a83c-6528dd2bdac3,The rest of the 2018 Margaret River Pro has been cancelled following the two shark attacks at Gracetown earlier this week.
Top surfers 'fearful' of getting into the water after shark attacks,"10:04pm Apr 17, 2018",2018,Y,Y,Surfing,Western Australia,https://www.9news.com.au/western-australia,https://www.9news.com.au/national/shark-attack-wa-surfers-fearful-italo-ferreira-gabriel-medina/bf6e9807-8e8e-4ba1-b38a-0f8957e28125,Two of the world's top surfers say they're fearful of swimming in south-west Western Australia following two shark attacks within hours near Gracetown yesterday.
"'If I'm going to get eaten, I'm going to get eaten'","6:39pm Apr 17, 2018",2018,Y,Y,Surfing,Western Australia,https://www.9news.com.au/western-australia,https://www.9news.com.au/national/shark-attack-survivor-has-surgery-to-repair-bite-to-leg/e8cd2e3a-07c9-4f0e-bb46-5aa4f006180a,"Jason Longrass, who was one of two surfers bitten by sharks yesterday, says he knew the risks and doesn't support a cull."
'He was punching the shark': Surfers recount twin attacks,"9:04pm Apr 16, 2018",2018,Y,Y,Surfing,Western Australia,https://www.9news.com.au/western-australia,https://www.9news.com.au/national/gracetown-shark-attack-margaret-river-pro-surf-event-suspended/87974201-e431-4044-b3b2-caca725e7823,"Just hours after Alejandro Travaglini (left) suffered leg injuries in a shark attack, another surfer was mauled at a nearby break."
Man attacked by shark that knocked him off paddleboard,"2:28pm Apr 2, 2018",2018,N,N,International,World,https://www.9news.com.au/world,https://www.9news.com.au/world/hawaii-shark-attack-man-knocked-off-paddleboard/912ad75c-9496-4034-bab9-8110cfb9d58c,A 25-year-old man was paddleboarding with his father on Hawaii's biggest island when a shark bumped him into the water and attacked him.
Shark warning after boys 'injured' 3m from shore,"1:53pm Mar 15, 2018",2018,Y,N,Misc,beaches,https://www.9news.com.au/beaches,https://www.9news.com.au/national/shark-warning-after-two-children-injured-at-beach/9f1db883-3309-4ab8-b40c-7710907ed904,A shark warning has been issued after two children were hurt at a Perth beach.
Sydney swimmer bitten by great white shark,"6:43pm Feb 24, 2018",2018,Y,N,Swimming,New South Wales,https://www.9news.com.au/new-south-wales,https://www.9news.com.au/national/sydney-shark-attack-survivor-lucky/e984b5b9-68e9-4139-b7fc-81be389f76a0,Sydney lifeguards have closed La Perouse beaches after a swimmer survived an attack by a juvenile great white shark which likely measured up to 3.2 metres long.
Shark attack on woman 'unusual',"2:06pm Feb 24, 2018",2018,Y,N,Swimming,beach,https://www.9news.com.au/beach,https://www.9news.com.au/national/woman-left-with-lacerations-in-suspected-shark-attack-while-swimming-20m-offshore/c9a5fe15-2936-48bc-9789-1a4a1fab5686,"The Sydney beach has had no shark attacks in an ""extremely long time""."
Surfer mauled by shark set to realise Paralympic dream,"10:03pm Feb 20, 2018",2018,N,N,Research/Politics/Recap,winter olympics,https://www.9news.com.au/winter-olympics,https://www.9news.com.au/national/sean-pollard-surfer-mauled-by-shark-set-to-realise-paralympic-dream/33dd8070-8fc4-4145-b7a8-951feadf2477,A surfer who lost an arm and a hand in shark attack has made an incredible recovery to be selected in the Australian Paralympic team as a snowboarder.
Death of endangered shark prompts calls to remove nets,"4:52pm Jan 9, 2018",2018,N,N,Research/Politics/Recap,environment,https://www.9news.com.au/environment,https://www.9news.com.au/national/dead-shark-prompts-calls-to-remove-shark-nets/8870b655-c154-422c-aafa-1a15bd2751bd,An environmental activist group is calling on the Queensland government to remove shark nets after locating a dead Great Hammerhead near a Gold Coast beach.
Helpless husband films as shark latches on to wife,"11:57am Dec 13, 2017",2017,N,N,International,accidents,https://www.9news.com.au/accidents,https://www.9news.com.au/world/bride-attacked-by-shark-on-honeymoon-caribbean/99991bf2-1d43-49ac-ba96-a0785cf6fea7,A newlywed bride has been bitten by a shark while honeymooning in the Caribbean.
Surfer 'punched shark in face' mid-attack,"7:26pm Nov 14, 2017",2017,Y,N,Surfing,New South Wales,https://www.9news.com.au/new-south-wales,https://www.9news.com.au/national/shark-attack-avoca-beach-central-coast-charlie-fry/2b1ccdee-d486-46a1-a0fd-540fba5f1c90,A British doctor has told 9NEWS he punched a shark in the face and paddled furiously back to shore after it attacked him on a NSW beach.
Surfer bitten by shark at NSW beach,"1:53pm Oct 28, 2017",2017,Y,N,Surfing,national,https://www.9news.com.au/national,https://www.9news.com.au/national/beach-closed-after-surfer-bitten-by-shark-port-stephens/31be215b-4830-442a-97f9-fba7f011f180,"The 31-year-old man was surfing at Birubi Beach in Anna Bay, Port Stephens, when he was bitten on the foot."
Brother hauled teen over 4.5m great white in daring rescue,"8:02am Oct 23, 2017",2017,Y,N,Misc,national,https://www.9news.com.au/national,https://www.9news.com.au/national/dragged-her-over-the-back-of-the-shark-brother-s-daring-rescue-of-adelaide-teen/0367e52d-3757-4113-86e2-4d03668eb4ee,An Adelaide man bravely dragged his sister over a great white shark after it knocked her from her kayak.
Shark latched onto diver's belly and 'wouldn't let go',"12:39pm Sep 28, 2017",2017,N,N,International,USA,https://www.9news.com.au/usa,https://www.9news.com.au/world/shark-latches-onto-mans-stomach-florida/053367c3-8349-4b85-9fea-f09a483f2b33,Video has emerged of the moment a man was forced to use a knife to remove a shark from another man’s stomach after it latched onto him while diving in Florida.
'Did that just happen?': Witnesses watched shark attack mate,"6:56pm Sep 10, 2017",2017,Y,N,Surfing,New South Wales,https://www.9news.com.au/new-south-wales,https://www.9news.com.au/national/shark-attack-iluka-beach-nsw/d39827ed-e6e7-4509-a377-f05cc4d7f737,"The man was tossed into the air during the attack on the north coast of New South Wales, the force snapping his board in two."
